class,rank,term,coefficient
BACKGROUND,1,trial investigate,2.482501131611652
BACKGROUND,2,aimed assess,2.452668045475835
BACKGROUND,3,trial compare,2.3369859761500815
BACKGROUND,4,exist,2.0850393945910284
BACKGROUND,5,trial determine,1.9933911218702038
BACKGROUND,6,aim,1.9425446844173138
BACKGROUND,7,study compare,1.9286376882643603
BACKGROUND,8,aims,1.8855192751926533
BACKGROUND,9,study evaluate,1.869893486000925
BACKGROUND,10,trial evaluate,1.8571092061018275
BACKGROUND,11,eudract,1.8511515418389453
BACKGROUND,12,suffer,1.8397502626097564
BACKGROUND,13,aimed compare,1.805105303510434
BACKGROUND,14,inconsistent,1.798190566988328
BACKGROUND,15,modern,1.78482483288426
METHODS,1,provides class,5.825170244118259
METHODS,2,randomly,3.6802234863607985
METHODS,3,05 considered,3.347883301779224
METHODS,4,used compare,2.8578484374340767
METHODS,5,calculated,2.740736538907443
METHODS,6,assessed,2.7259801323271233
METHODS,7,randomized,2.649459479879824
METHODS,8,used determine,2.6010899728750605
METHODS,9,used evaluate,2.5600332300265882
METHODS,10,divided,2.5089362848533168
METHODS,11,factorial design,2.5060224663507493
METHODS,12,extracted,2.493280051204816
METHODS,13,measured,2.4553611719325454
METHODS,14,compared groups,2.4303535999866557
METHODS,15,group receive,2.4230716761973343
OBJECTIVES,1,compare,5.463722037230216
OBJECTIVES,2,evaluate,4.862041113495887
OBJECTIVES,3,investigate,4.630601073324187
OBJECTIVES,4,determine,4.444593205917174
OBJECTIVES,5,examine,3.6743592021070692
OBJECTIVES,6,assess,3.5315658144225135
OBJECTIVES,7,observe,3.5073284004965255
OBJECTIVES,8,explore,3.0758094792230537
OBJECTIVES,9,characterize,2.706366069853921
OBJECTIVES,10,verify,2.3670152814545853
OBJECTIVES,11,analyze,2.1772895610942404
OBJECTIVES,12,arthritis ra,2.1568640439865314
OBJECTIVES,13,department ed,2.0961209279564685
OBJECTIVES,14,sequential therapy,2.030221492962582
OBJECTIVES,15,nonsteroidal,1.9001280783417165
RESULTS,1,significantly,5.3826915741870325
RESULTS,2,001,4.290198302894338
RESULTS,3,showed,3.858245118781132
RESULTS,4,0001,3.4699138081407175
RESULTS,5,revealed,3.333741798035002
RESULTS,6,tended,3.2659713553270207
RESULTS,7,similar,3.2594144793490343
RESULTS,8,did,3.2437484841101423
RESULTS,9,comparable,3.118477912886584
RESULTS,10,significant,3.0957618139909395
RESULTS,11,decreased,2.9356248387083506
RESULTS,12,difference,2.8554327585702053
RESULTS,13,higher,2.79000494677999
RESULTS,14,did differ,2.747132735942167
RESULTS,15,differences,2.7016208391221745
